{
	"info": {
		"_postman_id": "f953444e-5dd7-4f2c-8d2c-d8ca1544ec96",
		"name": "Doc-authoring",
		"schema": "https://schema.getpostman.com/json/collection/v2.1.0/collection.json",
		"_exporter_id": "30981612"
	},
	"item": [
		{
			"name": "doc-auth",
			"item": [
				{
					"name": "Project APIs",
					"item": [
						{
							"name": "Create Project",
							"request": {
								"auth": {
									"type": "bearer",
									"bearer": [
										{
											"key": "token",
											"value": "{{sso_token}}",
											"type": "string"
										}
									]
								},
								"method": "POST",
								"header": [
									{
										"key": "x-auth",
										"value": "{{x-auth}}",
										"type": "text",
										"disabled": true
									}
								],
								"body": {
									"mode": "raw",
									"raw": "{\r\n  \"ntid\": \"ns9000\",\r\n  \"domain_name\": \"biopharma\",\r\n  \"sub_domain_name\": \"PLS\",\r\n  \"project_name\": \"multiprompt\",\r\n  \"group_name\": \"proxy\"\r\n}",
									"options": {
										"raw": {
											"language": "json"
										}
									}
								},
								"url": {
									"raw": "{{doc_auth_base_url}}/doc-auth/project",
									"host": [
										"{{doc_auth_base_url}}"
									],
									"path": [
										"doc-auth",
										"project"
									]
								}
							},
							"response": []
						},
						{
							"name": "Update Project",
							"request": {
								"method": "PUT",
								"header": [
									{
										"key": "x-auth",
										"value": "{{sso_token}}",
										"type": "text"
									}
								],
								"body": {
									"mode": "raw",
									"raw": "{\r\n  \"ntid\": \"ns9000\",\r\n  \"domain_name\": \"bio-pharma\",\r\n  \"sub_domain_name\": \"PLS\",\r\n  \"project_name\": \"multipromptworks\",\r\n  \"project_id\": 5,\r\n  \"group_name\": \"proxy\"\r\n}",
									"options": {
										"raw": {
											"language": "json"
										}
									}
								},
								"url": {
									"raw": "{{doc_auth_base_url}}/project",
									"host": [
										"{{doc_auth_base_url}}"
									],
									"path": [
										"project"
									]
								}
							},
							"response": []
						},
						{
							"name": "Projects by Ntid",
							"request": {
								"method": "GET",
								"header": [
									{
										"key": "x-auth",
										"value": "{{sso_token}}",
										"type": "text"
									}
								],
								"url": {
									"raw": "{{doc_auth_base_url}}/doc-auth/project/mine?ntid=ns9000",
									"host": [
										"{{doc_auth_base_url}}"
									],
									"path": [
										"doc-auth",
										"project",
										"mine"
									],
									"query": [
										{
											"key": "ntid",
											"value": "ns9000"
										}
									]
								}
							},
							"response": []
						},
						{
							"name": "Get projects by id",
							"request": {
								"method": "GET",
								"header": [
									{
										"key": "x-auth",
										"value": "{{sso_token}}",
										"type": "text"
									}
								],
								"url": {
									"raw": "{{doc_auth_base_url}}/doc-auth/project/1",
									"host": [
										"{{doc_auth_base_url}}"
									],
									"path": [
										"doc-auth",
										"project",
										"1"
									]
								}
							},
							"response": []
						},
						{
							"name": "Get all projects",
							"request": {
								"method": "GET",
								"header": [
									{
										"key": "x-auth",
										"value": "{{sso_token}}",
										"type": "text"
									}
								],
								"url": {
									"raw": "{{doc_auth_base_url}}/all-project",
									"host": [
										"{{doc_auth_base_url}}"
									],
									"path": [
										"all-project"
									]
								}
							},
							"response": []
						},
						{
							"name": "Delete Project",
							"request": {
								"method": "DELETE",
								"header": [
									{
										"key": "x-auth",
										"value": "{{sso_token}}",
										"type": "text"
									}
								],
								"url": {
									"raw": "{{doc_auth_base_url}}/project?project_id=60",
									"host": [
										"{{doc_auth_base_url}}"
									],
									"path": [
										"project"
									],
									"query": [
										{
											"key": "project_id",
											"value": "60"
										}
									]
								}
							},
							"response": []
						}
					]
				},
				{
					"name": "Template APIs",
					"item": [
						{
							"name": "Get Template",
							"request": {
								"method": "GET",
								"header": [
									{
										"key": "x-auth",
										"value": "{{sso_token}}",
										"type": "text"
									}
								],
								"url": {
									"raw": "{{doc_auth_base_url}}/doc-auth/template/2",
									"host": [
										"{{doc_auth_base_url}}"
									],
									"path": [
										"doc-auth",
										"template",
										"2"
									]
								}
							},
							"response": []
						},
						{
							"name": "Create Template",
							"request": {
								"method": "POST",
								"header": [
									{
										"key": "x-auth",
										"value": "{{sso_token}}",
										"type": "text"
									}
								],
								"body": {
									"mode": "formdata",
									"formdata": [
										{
											"key": "create_temp_request",
											"value": "{ \n\"ntid\": \"ns9000\",\n\"template_name\": \"proxy_template\",\n\"project_id\": 5,\n\"template_creation_type\": \"CREATED\",\n\"template_file_type\": \"HTML\",\n\"placeholder_ids\": [\"223321\",\"232\",\"33\"]\n}",
											"contentType": "",
											"type": "text"
										},
										{
											"key": "fileb",
											"type": "file",
											"src": "/D:/Users/ANANDP18/Downloads/dwsample001-html.html"
										}
									]
								},
								"url": {
									"raw": "{{doc_auth_base_url}}/doc-auth/template",
									"host": [
										"{{doc_auth_base_url}}"
									],
									"path": [
										"doc-auth",
										"template"
									]
								}
							},
							"response": []
						},
						{
							"name": "Update Template",
							"request": {
								"method": "PUT",
								"header": [
									{
										"key": "x-auth",
										"value": "{{sso_token}}",
										"type": "text"
									}
								],
								"body": {
									"mode": "formdata",
									"formdata": [
										{
											"key": "update_temp_request",
											"value": "{\n    \"ntid\": \"ns9000\",\n    \"template_name\": \"proxy_template00\",\n    \"project_id\": 5,\n    \"template_creation_type\": \"CREATED\",\n    \"template_file_type\": \"HTML\",\n    \"placeholder_ids\": [\n        \"1\",\n        \"2\"\n    ]\n}",
											"type": "text"
										},
										{
											"key": "fileb",
											"type": "file",
											"src": "/D:/Users/ANANDP18/Downloads/dwsample001-html.html"
										}
									]
								},
								"url": {
									"raw": "{{doc_auth_base_url}}/template/3",
									"host": [
										"{{doc_auth_base_url}}"
									],
									"path": [
										"template",
										"3"
									]
								}
							},
							"response": []
						},
						{
							"name": "Get all templates",
							"request": {
								"method": "GET",
								"header": [
									{
										"key": "x-auth",
										"value": "{{sso_token}}",
										"type": "text"
									}
								],
								"url": {
									"raw": "{{doc_auth_base_url}}/template/all?project_id=5",
									"host": [
										"{{doc_auth_base_url}}"
									],
									"path": [
										"template",
										"all"
									],
									"query": [
										{
											"key": "project_id",
											"value": "5"
										}
									]
								}
							},
							"response": []
						},
						{
							"name": "Delete Template",
							"request": {
								"method": "DELETE",
								"header": [
									{
										"key": "x-auth",
										"value": "{{sso_token}}",
										"type": "text"
									}
								],
								"url": {
									"raw": "{{doc_auth_base_url}}/template/71",
									"host": [
										"{{doc_auth_base_url}}"
									],
									"path": [
										"template",
										"71"
									]
								}
							},
							"response": []
						}
					]
				},
				{
					"name": "Document APIs",
					"item": [
						{
							"name": "Create Document",
							"request": {
								"method": "POST",
								"header": [
									{
										"key": "x-auth",
										"value": "{{sso_token}}",
										"type": "text"
									}
								],
								"body": {
									"mode": "raw",
									"raw": "{\r\n  \"doc_name\": \"doc_proxy\",\r\n  \"template_id\": ,\r\n  \"project_id\": 5,\r\n  \"content_library\": \"proxy_content\",\r\n  \"content_library_metadata\": \"string\",\r\n  \"doc_author\": \"ns9000\"\r\n}",
									"options": {
										"raw": {
											"language": "json"
										}
									}
								},
								"url": {
									"raw": "{{doc_auth_base_url}}/doc-auth/document",
									"host": [
										"{{doc_auth_base_url}}"
									],
									"path": [
										"doc-auth",
										"document"
									]
								}
							},
							"response": []
						},
						{
							"name": "Update Document",
							"request": {
								"method": "PUT",
								"header": [
									{
										"key": "x-auth",
										"value": "{{sso_token}}",
										"type": "text"
									}
								],
								"body": {
									"mode": "formdata",
									"formdata": [
										{
											"key": "update_document_request",
											"value": "{\n    \"doc_name\": \"doc_proxy\",\n    \"template_id\": 4,\n    \"project_id\": 5,\n    \"content_library\": \"string\",\n    \"content_library_metadata\": \"string\",\n    \"doc_author\": \"ns9000\"\n}",
											"contentType": "application/json",
											"type": "text"
										},
										{
											"key": "html_file",
											"contentType": "multipart/form-data",
											"type": "file",
											"src": "/D:/Users/ANANDP18/Downloads/dwsample001-html.html"
										}
									]
								},
								"url": {
									"raw": "{{doc_auth_base_url}}/document/3",
									"host": [
										"{{doc_auth_base_url}}"
									],
									"path": [
										"document",
										"3"
									]
								}
							},
							"response": []
						},
						{
							"name": "Get by document id",
							"request": {
								"method": "GET",
								"header": [
									{
										"key": "x-auth",
										"value": "{{sso_token}}",
										"type": "text"
									}
								],
								"url": {
									"raw": "{{doc_auth_base_url}}/doc-auth/document/4",
									"host": [
										"{{doc_auth_base_url}}"
									],
									"path": [
										"doc-auth",
										"document",
										"4"
									]
								}
							},
							"response": []
						},
						{
							"name": "Get all documents",
							"request": {
								"method": "GET",
								"header": [
									{
										"key": "x-auth",
										"value": "{{sso_token}}",
										"type": "text"
									}
								],
								"url": {
									"raw": "{{doc_auth_base_url}}/document/all",
									"host": [
										"{{doc_auth_base_url}}"
									],
									"path": [
										"document",
										"all"
									]
								}
							},
							"response": []
						},
						{
							"name": "Get documents by Ntid",
							"request": {
								"method": "GET",
								"header": [
									{
										"key": "x-auth",
										"value": "{{sso_token}}",
										"type": "text"
									}
								],
								"url": {
									"raw": "{{doc_auth_base_url}}/document/mine?nt_id=ns9000",
									"host": [
										"{{doc_auth_base_url}}"
									],
									"path": [
										"document",
										"mine"
									],
									"query": [
										{
											"key": "nt_id",
											"value": "ns9000"
										}
									]
								}
							},
							"response": []
						},
						{
							"name": "Get document by project id",
							"request": {
								"method": "GET",
								"header": [
									{
										"key": "x-auth",
										"value": "{{sso_token}}",
										"type": "text"
									}
								],
								"url": {
									"raw": "{{doc_auth_base_url}}/document?project_id=4",
									"host": [
										"{{doc_auth_base_url}}"
									],
									"path": [
										"document"
									],
									"query": [
										{
											"key": "project_id",
											"value": "4"
										}
									]
								}
							},
							"response": []
						}
					]
				},
				{
					"name": "admin-domain-token",
					"item": [
						{
							"name": "admin config",
							"protocolProfileBehavior": {
								"disableBodyPruning": true
							},
							"request": {
								"method": "GET",
								"header": [
									{
										"key": "x-auth",
										"value": "{{sso_token}}",
										"type": "text"
									}
								],
								"body": {
									"mode": "raw",
									"raw": "",
									"options": {
										"raw": {
											"language": "json"
										}
									}
								},
								"url": {
									"raw": "{{doc_auth_base_url}}/doc-auth/admin-config",
									"host": [
										"{{doc_auth_base_url}}"
									],
									"path": [
										"doc-auth",
										"admin-config"
									]
								}
							},
							"response": []
						},
						{
							"name": "sub domains",
							"protocolProfileBehavior": {
								"disableBodyPruning": true
							},
							"request": {
								"method": "GET",
								"header": [
									{
										"key": "x-auth",
										"value": "{{sso_token}}",
										"type": "text"
									}
								],
								"body": {
									"mode": "raw",
									"raw": ""
								},
								"url": {
									"raw": "{{doc_auth_base_url}}/sub-domains?domain_id=2",
									"host": [
										"{{doc_auth_base_url}}"
									],
									"path": [
										"sub-domains"
									],
									"query": [
										{
											"key": "domain_id",
											"value": "2"
										}
									]
								}
							},
							"response": []
						},
						{
							"name": "domains",
							"request": {
								"method": "GET",
								"header": [
									{
										"key": "x-auth",
										"value": "{{sso_token}}",
										"type": "text"
									}
								],
								"url": {
									"raw": "{{doc_auth_base_url}}/domains",
									"host": [
										"{{doc_auth_base_url}}"
									],
									"path": [
										"domains"
									]
								}
							},
							"response": []
						}
					]
				},
				{
					"name": "Chat APIs",
					"item": [
						{
							"name": "Update chat history",
							"request": {
								"method": "POST",
								"header": [
									{
										"key": "x-auth",
										"value": "{{sso_token}}",
										"type": "text"
									}
								],
								"body": {
									"mode": "raw",
									"raw": "{\r\n  \"chat_history\": [\r\n    {}\r\n  ]\r\n}",
									"options": {
										"raw": {
											"language": "json"
										}
									}
								},
								"url": {
									"raw": "{{doc_auth_base_url}/chat-history?id=1",
									"host": [
										"{{doc_auth_base_url}"
									],
									"path": [
										"chat-history"
									],
									"query": [
										{
											"key": "id",
											"value": "1"
										}
									]
								}
							},
							"response": []
						},
						{
							"name": "Fetch chat history",
							"request": {
								"method": "GET",
								"header": [
									{
										"key": "x-auth",
										"value": "{{sso_token}}",
										"type": "text"
									}
								],
								"url": {
									"raw": "{{doc_auth_base_url}}/chat-history/1",
									"host": [
										"{{doc_auth_base_url}}"
									],
									"path": [
										"chat-history",
										"1"
									]
								}
							},
							"response": []
						}
					]
				},
				{
					"name": "Stats APIs",
					"item": [
						{
							"name": "Fetch Metric",
							"request": {
								"method": "GET",
								"header": [
									{
										"key": "x-auth",
										"value": "{{sso_token}}",
										"type": "text"
									}
								],
								"url": {
									"raw": "{{doc_auth_base_url}}/doc-auth/dashboard/count",
									"host": [
										"{{doc_auth_base_url}}"
									],
									"path": [
										"doc-auth",
										"dashboard",
										"count"
									]
								}
							},
							"response": []
						},
						{
							"name": "Get dashboard stats",
							"request": {
								"method": "GET",
								"header": [
									{
										"key": "x-auth",
										"value": "{{sso_token}}",
										"type": "text"
									}
								],
								"url": {
									"raw": "{{doc_auth_base_url}}/dashboard/stats?project_id=5",
									"host": [
										"{{doc_auth_base_url}}"
									],
									"path": [
										"dashboard",
										"stats"
									],
									"query": [
										{
											"key": "project_id",
											"value": "5"
										}
									]
								}
							},
							"response": []
						}
					]
				},
				{
					"name": "Health check",
					"request": {
						"method": "GET",
						"header": [
							{
								"key": "x-auth",
								"value": "{{sso_token}}",
								"type": "text"
							}
						],
						"url": {
							"raw": "{{doc_auth_base_url}}/health_check",
							"host": [
								"{{doc_auth_base_url}}"
							],
							"path": [
								"health_check"
							]
						}
					},
					"response": []
				}
			]
		}
	]
}