{
	"info": {
		"_postman_id": "93bc0355-76d1-4b42-bf6b-e9cb354b282a",
		"name": "Prompt-lib-v2-sbx",
		"schema": "https://schema.getpostman.com/json/collection/v2.1.0/collection.json",
		"_exporter_id": "30924769"
	},
	"item": [
		{
			"name": "create-prompt",
			"request": {
				"auth": {
					"type": "bearer",
					"bearer": [
						{
							"key": "token",
							"value": "{{mule_oauth_token}}",
							"type": "string"
						}
					]
				},
				"method": "POST",
				"header": [
					{
						"key": "x-auth",
						"value": "{{sso_oauth_token}}",
						"type": "text"
					}
				],
				"body": {
					"mode": "raw",
					"raw": "{\r\n    \"system_prompt\": \"string\",\r\n    \"name\": \"Test_t3_n_1\",\r\n    \"prompt\": \"string\",\r\n    \"metadata_info\": {\r\n        \"model\": \"string\",\r\n        \"temperature\": 0,\r\n        \"max_word_count\": 0,\r\n        \"section\": \"string\"\r\n    },\r\n    \"tags\": [\r\n        \"string\"\r\n    ],\r\n    \"is_visible\": true,\r\n    \"sharing_details\":[{\r\n        \"shared_with_type\":\"USER\",\r\n        \"shared_with_id\":\"user1\"\r\n    }]\r\n}",
					"options": {
						"raw": {
							"language": "json"
						}
					}
				},
				"url": {
					"raw": "{{sbx-url}}/v2/prompt?is_pre_approved=false",
					"host": [
						"{{sbx-url}}"
					],
					"path": [
						"v2",
						"prompt"
					],
					"query": [
						{
							"key": "is_pre_approved",
							"value": "false"
						}
					]
				}
			},
			"response": []
		},
		{
			"name": "get-prompt",
			"protocolProfileBehavior": {
				"disableBodyPruning": true
			},
			"request": {
				"auth": {
					"type": "bearer",
					"bearer": [
						{
							"key": "token",
							"value": "{{mule_oauth_token}}",
							"type": "string"
						}
					]
				},
				"method": "GET",
				"header": [
					{
						"key": "x-auth",
						"value": "{{sso_oauth_token}}",
						"type": "text"
					}
				],
				"body": {
					"mode": "raw",
					"raw": "",
					"options": {
						"raw": {
							"language": "json"
						}
					}
				},
				"url": {
					"raw": "{{sbx-url}}/v2/prompt/db36e65c-6a73-4ee3-a889-8e29cf7c2435",
					"host": [
						"{{sbx-url}}"
					],
					"path": [
						"v2",
						"prompt",
						"db36e65c-6a73-4ee3-a889-8e29cf7c2435"
					]
				}
			},
			"response": []
		},
		{
			"name": "delete-prompt",
			"request": {
				"auth": {
					"type": "bearer",
					"bearer": [
						{
							"key": "token",
							"value": "{{mule_oauth_token}}",
							"type": "string"
						}
					]
				},
				"method": "DELETE",
				"header": [
					{
						"key": "x-auth",
						"value": "{{sso_oauth_token}}",
						"type": "text"
					}
				],
				"body": {
					"mode": "raw",
					"raw": "",
					"options": {
						"raw": {
							"language": "json"
						}
					}
				},
				"url": {
					"raw": "{{sbx-url}}/v2/prompt/d80bf132-7336-4440-94e8-229e95367529",
					"host": [
						"{{sbx-url}}"
					],
					"path": [
						"v2",
						"prompt",
						"d80bf132-7336-4440-94e8-229e95367529"
					]
				}
			},
			"response": []
		},
		{
			"name": "update-prompt",
			"request": {
				"auth": {
					"type": "bearer",
					"bearer": [
						{
							"key": "token",
							"value": "{{mule_oauth_token}}",
							"type": "string"
						}
					]
				},
				"method": "PUT",
				"header": [
					{
						"key": "x-auth",
						"value": "{{sso_oauth_token}}",
						"type": "text"
					}
				],
				"body": {
					"mode": "raw",
					"raw": "{\r\n  \"system_prompt\": \"string\",\r\n  \"name\": \"test_update_t3_n\",\r\n  \"prompt\": \"string\",\r\n  \"metadata_info\": {\r\n    \"model\": \"string\",\r\n    \"temperature\": 0,\r\n    \"max_word_count\": 0,\r\n    \"section\": \"string\"\r\n  },\r\n  \"tags\": [\r\n    \"string\"\r\n  ],\r\n  \"is_visible\": true\r\n}",
					"options": {
						"raw": {
							"language": "json"
						}
					}
				},
				"url": {
					"raw": "{{sbx-url}}/v2/prompt/d80bf132-7336-4440-94e8-229e95367529?is_pre_approved=true",
					"host": [
						"{{sbx-url}}"
					],
					"path": [
						"v2",
						"prompt",
						"d80bf132-7336-4440-94e8-229e95367529"
					],
					"query": [
						{
							"key": "is_pre_approved",
							"value": "true"
						}
					]
				}
			},
			"response": []
		},
		{
			"name": "get-all-prompt",
			"protocolProfileBehavior": {
				"disableBodyPruning": true
			},
			"request": {
				"auth": {
					"type": "bearer",
					"bearer": [
						{
							"key": "token",
							"value": "{{mule_oauth_token}}",
							"type": "string"
						}
					]
				},
				"method": "GET",
				"header": [
					{
						"key": "x-auth",
						"value": "{{sso_oauth_token}}",
						"type": "text"
					}
				],
				"body": {
					"mode": "raw",
					"raw": "",
					"options": {
						"raw": {
							"language": "json"
						}
					}
				},
				"url": {
					"raw": "{{sbx-url}}/v2/prompts",
					"host": [
						"{{sbx-url}}"
					],
					"path": [
						"v2",
						"prompts"
					],
					"query": [
						{
							"key": "sort_by",
							"value": "modified_at",
							"disabled": true
						},
						{
							"key": "sort_order",
							"value": "",
							"disabled": true
						}
					]
				}
			},
			"response": []
		},
		{
			"name": "search-text",
			"protocolProfileBehavior": {
				"disableBodyPruning": true
			},
			"request": {
				"auth": {
					"type": "bearer",
					"bearer": [
						{
							"key": "token",
							"value": "{{mule_oauth_token}}",
							"type": "string"
						}
					]
				},
				"method": "GET",
				"header": [
					{
						"key": "x-auth",
						"value": "{{sso_oauth_token}}",
						"type": "text"
					}
				],
				"body": {
					"mode": "raw",
					"raw": "",
					"options": {
						"raw": {
							"language": "json"
						}
					}
				},
				"url": {
					"raw": "{{sbx-url}}/v2/prompts/search/text?search_text=string&is_private=false&search_on=all&page_limit=5&page_number=1&sort_by=modified_at&sort_order=ASC",
					"host": [
						"{{sbx-url}}"
					],
					"path": [
						"v2",
						"prompts",
						"search",
						"text"
					],
					"query": [
						{
							"key": "search_text",
							"value": "string"
						},
						{
							"key": "is_private",
							"value": "false"
						},
						{
							"key": "search_on",
							"value": "all"
						},
						{
							"key": "page_limit",
							"value": "5"
						},
						{
							"key": "page_number",
							"value": "1"
						},
						{
							"key": "sort_by",
							"value": "modified_at"
						},
						{
							"key": "sort_order",
							"value": "ASC"
						}
					]
				}
			},
			"response": []
		},
		{
			"name": "visiblity",
			"request": {
				"auth": {
					"type": "bearer",
					"bearer": [
						{
							"key": "token",
							"value": "{{mule_oauth_token}}",
							"type": "string"
						}
					]
				},
				"method": "PATCH",
				"header": [
					{
						"key": "x-auth",
						"value": "{{sso_oauth_token}}",
						"type": "text"
					}
				],
				"body": {
					"mode": "raw",
					"raw": "",
					"options": {
						"raw": {
							"language": "json"
						}
					}
				},
				"url": {
					"raw": "{{sbx-url}}/v2/prompt/db36e65c-6a73-4ee3-a889-8e29cf7c2435/visibility/False",
					"host": [
						"{{sbx-url}}"
					],
					"path": [
						"v2",
						"prompt",
						"db36e65c-6a73-4ee3-a889-8e29cf7c2435",
						"visibility",
						"False"
					]
				}
			},
			"response": []
		},
		{
			"name": "prompt-action",
			"request": {
				"auth": {
					"type": "bearer",
					"bearer": [
						{
							"key": "token",
							"value": "{{mule_oauth_token}}",
							"type": "string"
						}
					]
				},
				"method": "PUT",
				"header": [
					{
						"key": "x-auth",
						"value": "{{sso_oauth_token}}",
						"type": "text"
					}
				],
				"body": {
					"mode": "raw",
					"raw": "{\r\n  \"review_status\": \"APPROVED\",\r\n  \"review_comment\": \"string\"\r\n}",
					"options": {
						"raw": {
							"language": "json"
						}
					}
				},
				"url": {
					"raw": "{{sbx-url}}/v2/prompt/7b4d91b0-d75d-473c-b4a0-ee351216c886/action",
					"host": [
						"{{sbx-url}}"
					],
					"path": [
						"v2",
						"prompt",
						"7b4d91b0-d75d-473c-b4a0-ee351216c886",
						"action"
					]
				}
			},
			"response": []
		},
		{
			"name": "create-share-map",
			"request": {
				"auth": {
					"type": "bearer",
					"bearer": [
						{
							"key": "token",
							"value": "{{mule_oauth_token}}",
							"type": "string"
						}
					]
				},
				"method": "POST",
				"header": [
					{
						"key": "x-auth",
						"value": "{{sso_oauth_token}}",
						"type": "text"
					}
				],
				"body": {
					"mode": "raw",
					"raw": "[\r\n  {\r\n    \"shared_with_type\": \"TENANT\",\r\n    \"shared_with_id\": \"string1\"\r\n  }\r\n]",
					"options": {
						"raw": {
							"language": "json"
						}
					}
				},
				"url": {
					"raw": "{{sbx-url}}/v2/prompt/db36e65c-6a73-4ee3-a889-8e29cf7c2435/share",
					"host": [
						"{{sbx-url}}"
					],
					"path": [
						"v2",
						"prompt",
						"db36e65c-6a73-4ee3-a889-8e29cf7c2435",
						"share"
					]
				}
			},
			"response": []
		},
		{
			"name": "get-prompt-share",
			"protocolProfileBehavior": {
				"disableBodyPruning": true
			},
			"request": {
				"auth": {
					"type": "bearer",
					"bearer": [
						{
							"key": "token",
							"value": "{{mule_oauth_token}}",
							"type": "string"
						}
					]
				},
				"method": "GET",
				"header": [
					{
						"key": "x-auth",
						"value": "{{sso_oauth_token}}",
						"type": "text"
					}
				],
				"body": {
					"mode": "raw",
					"raw": "",
					"options": {
						"raw": {
							"language": "json"
						}
					}
				},
				"url": {
					"raw": "{{sbx-url}}/v2/prompt/db36e65c-6a73-4ee3-a889-8e29cf7c2435/share",
					"host": [
						"{{sbx-url}}"
					],
					"path": [
						"v2",
						"prompt",
						"db36e65c-6a73-4ee3-a889-8e29cf7c2435",
						"share"
					]
				}
			},
			"response": []
		},
		{
			"name": "delete-prompt-share",
			"request": {
				"auth": {
					"type": "bearer",
					"bearer": [
						{
							"key": "token",
							"value": "{{mule_oauth_token}}",
							"type": "string"
						}
					]
				},
				"method": "DELETE",
				"header": [
					{
						"key": "x-auth",
						"value": "{{sso_oauth_token}}",
						"type": "text"
					}
				],
				"body": {
					"mode": "raw",
					"raw": "",
					"options": {
						"raw": {
							"language": "json"
						}
					}
				},
				"url": {
					"raw": "{{sbx-url}}/v2/prompt/db36e65c-6a73-4ee3-a889-8e29cf7c2435/share?shared_with_type=USER&shared_with_id=user1",
					"host": [
						"{{sbx-url}}"
					],
					"path": [
						"v2",
						"prompt",
						"db36e65c-6a73-4ee3-a889-8e29cf7c2435",
						"share"
					],
					"query": [
						{
							"key": "shared_with_type",
							"value": "USER"
						},
						{
							"key": "shared_with_id",
							"value": "user1"
						}
					]
				}
			},
			"response": []
		},
		{
			"name": "get-prompt-review",
			"protocolProfileBehavior": {
				"disableBodyPruning": true
			},
			"request": {
				"auth": {
					"type": "bearer",
					"bearer": [
						{
							"key": "token",
							"value": "{{mule_oauth_token}}",
							"type": "string"
						}
					]
				},
				"method": "GET",
				"header": [
					{
						"key": "x-auth",
						"value": "{{sso_oauth_token}}",
						"type": "text"
					}
				],
				"body": {
					"mode": "raw",
					"raw": "",
					"options": {
						"raw": {
							"language": "json"
						}
					}
				},
				"url": {
					"raw": "{{sbx-url}}/v2/prompts/db36e65c-6a73-4ee3-a889-8e29cf7c2435/reviews",
					"host": [
						"{{sbx-url}}"
					],
					"path": [
						"v2",
						"prompts",
						"db36e65c-6a73-4ee3-a889-8e29cf7c2435",
						"reviews"
					]
				}
			},
			"response": []
		},
		{
			"name": "get-stats",
			"protocolProfileBehavior": {
				"disableBodyPruning": true
			},
			"request": {
				"auth": {
					"type": "bearer",
					"bearer": [
						{
							"key": "token",
							"value": "{{mule_oauth_token}}",
							"type": "string"
						}
					]
				},
				"method": "GET",
				"header": [
					{
						"key": "x-auth",
						"value": "{{sso_oauth_token}}",
						"type": "text"
					}
				],
				"body": {
					"mode": "raw",
					"raw": "",
					"options": {
						"raw": {
							"language": "json"
						}
					}
				},
				"url": {
					"raw": "{{sbx-url}}/v2/stats",
					"host": [
						"{{sbx-url}}"
					],
					"path": [
						"v2",
						"stats"
					]
				}
			},
			"response": []
		},
		{
			"name": "create-static-data",
			"request": {
				"auth": {
					"type": "bearer",
					"bearer": [
						{
							"key": "token",
							"value": "{{mule_oauth_token}}",
							"type": "string"
						}
					]
				},
				"method": "POST",
				"header": [
					{
						"key": "x-auth",
						"value": "{{sso_oauth_token}}",
						"type": "text"
					}
				],
				"body": {
					"mode": "raw",
					"raw": "{\r\n  \"id\": \"test_1\",\r\n  \"name\": \"b1\",\r\n  \"raw_data\": [{\r\n    \"test\":\"t1\",\r\n    \"test1\":\"t2\"\r\n  }]\r\n}",
					"options": {
						"raw": {
							"language": "json"
						}
					}
				},
				"url": {
					"raw": "{{sbx-url}}/v2/static_data",
					"host": [
						"{{sbx-url}}"
					],
					"path": [
						"v2",
						"static_data"
					]
				}
			},
			"response": []
		},
		{
			"name": "get-static-data",
			"protocolProfileBehavior": {
				"disableBodyPruning": true
			},
			"request": {
				"auth": {
					"type": "bearer",
					"bearer": [
						{
							"key": "token",
							"value": "{{mule_oauth_token}}",
							"type": "string"
						}
					]
				},
				"method": "GET",
				"header": [
					{
						"key": "x-auth",
						"value": "{{sso_oauth_token}}",
						"type": "text"
					}
				],
				"body": {
					"mode": "raw",
					"raw": "",
					"options": {
						"raw": {
							"language": "json"
						}
					}
				},
				"url": {
					"raw": "{{sbx-url}}/v2/static_data/TEST_1",
					"host": [
						"{{sbx-url}}"
					],
					"path": [
						"v2",
						"static_data",
						"TEST_1"
					]
				}
			},
			"response": []
		}
	]
}