{
	"info": {
		"_postman_id": "4781eeae-49ff-4b73-be30-560f9a6b615e",
		"name": "Prompt-lib",
		"schema": "https://schema.getpostman.com/json/collection/v2.1.0/collection.json",
		"_exporter_id": "30981612"
	},
	"item": [
		{
			"name": "prompt-lib Copy",
			"item": [
				{
					"name": "Prompt API",
					"item": [
						{
							"name": "Get pending prompts",
							"request": {
								"method": "GET",
								"header": [
									{
										"key": "x-auth",
										"value": "{{sso_token}}",
										"type": "text"
									}
								],
								"url": {
									"raw": "{{prompt_lib_base_url}}/pending-prompts",
									"host": [
										"{{prompt_lib_base_url}}"
									],
									"path": [
										"pending-prompts"
									]
								}
							},
							"response": []
						},
						{
							"name": "Add prompt",
							"request": {
								"method": "POST",
								"header": [
									{
										"key": "x-auth",
										"value": "Bearer 0001PTNhTSF9E1T3uVLC8mqb49Lg",
										"type": "text",
										"disabled": true
									},
									{
										"key": "x-auth",
										"value": "{{sso_token}}",
										"type": "text"
									}
								],
								"body": {
									"mode": "raw",
									"raw": "{\r\n  \"admin_config_id\": 5,\r\n  \"prompt_text\": \"This functionality is being tested using the authentication for the third time test\",\r\n  \"version\": 0,\r\n  \"annotation\": \"string\",\r\n  \"use_case_type\": \"string\",\r\n  \"prompt_type\": \"string\",\r\n  \"request_type\": \"string\",\r\n  \"submitted_source\": \"PROMPT_ENGINEER\",\r\n  \"ranking\": 0,\r\n  \"tags\": [\r\n    \"string\"\r\n  ],\r\n  \"nt_id\": \"dolork\"\r\n}",
									"options": {
										"raw": {
											"language": "json"
										}
									}
								},
								"url": {
									"raw": "{{prompt_lib_base_url}}/prompt",
									"host": [
										"{{prompt_lib_base_url}}"
									],
									"path": [
										"prompt"
									]
								}
							},
							"response": []
						},
						{
							"name": "Get count prompts by groupid or ntid",
							"protocolProfileBehavior": {
								"disableBodyPruning": true
							},
							"request": {
								"method": "GET",
								"header": [
									{
										"key": "x-auth",
										"value": "{{sso_token}}",
										"type": "text"
									}
								],
								"body": {
									"mode": "raw",
									"raw": "{\r\n    \"ntid\": \"ns9000\"\r\n}",
									"options": {
										"raw": {
											"language": "json"
										}
									}
								},
								"url": {
									"raw": "{{prompt_lib_base_url}}/prompt/count/ntid",
									"host": [
										"{{prompt_lib_base_url}}"
									],
									"path": [
										"prompt",
										"count",
										"ntid"
									]
								}
							},
							"response": []
						},
						{
							"name": "Get all prompts by groupid or ntid",
							"request": {
								"method": "GET",
								"header": [
									{
										"key": "x-auth",
										"value": "{{sso_token}}",
										"type": "text"
									}
								],
								"url": {
									"raw": "{{prompt_lib_base_url}}/prompts/ns9000",
									"host": [
										"{{prompt_lib_base_url}}"
									],
									"path": [
										"prompts",
										"ns9000"
									]
								}
							},
							"response": []
						},
						{
							"name": "Get filtered prompts",
							"request": {
								"method": "POST",
								"header": [
									{
										"key": "x-auth",
										"value": "{{sso_token}}",
										"type": "text"
									}
								],
								"body": {
									"mode": "raw",
									"raw": "{\r\n  \"domain_name\": \"string\",\r\n  \"subdomain_name\": \"string\",\r\n  \"category_name\": \"string\",\r\n  \"keyword\": \"tested\"\r\n}",
									"options": {
										"raw": {
											"language": "json"
										}
									}
								},
								"url": {
									"raw": "{{prompt_lib_base_url}}/prompt/lookup",
									"host": [
										"{{prompt_lib_base_url}}"
									],
									"path": [
										"prompt",
										"lookup"
									]
								}
							},
							"response": []
						},
						{
							"name": "Approve prompts",
							"request": {
								"method": "POST",
								"header": [
									{
										"key": "x-auth",
										"value": "{{sso_token}}",
										"type": "text"
									}
								],
								"body": {
									"mode": "raw",
									"raw": "{\r\n  \"status\": \"APPROVED\",\r\n  \"approver_id\": \"ns9000\",\r\n  \"prompt_ids\": [\r\n    5\r\n  ]\r\n}",
									"options": {
										"raw": {
											"language": "json"
										}
									}
								},
								"url": {
									"raw": "{{prompt_lib_base_url}}/prompt/approve",
									"host": [
										"{{prompt_lib_base_url}}"
									],
									"path": [
										"prompt",
										"approve"
									]
								}
							},
							"response": []
						}
					],
					"event": [
						{
							"listen": "prerequest",
							"script": {
								"type": "text/javascript",
								"exec": [
									""
								]
							}
						},
						{
							"listen": "test",
							"script": {
								"type": "text/javascript",
								"exec": [
									""
								]
							}
						}
					]
				},
				{
					"name": "group-user-admin",
					"item": [
						{
							"name": "Create Group",
							"request": {
								"method": "POST",
								"header": [
									{
										"key": "x-auth",
										"value": "{{sso_token}}",
										"type": "text"
									}
								],
								"url": {
									"raw": "{{prompt_lib_base_url}}/prompt-lib/group/register?group_name=aws",
									"host": [
										"{{prompt_lib_base_url}}"
									],
									"path": [
										"prompt-lib",
										"group",
										"register"
									],
									"query": [
										{
											"key": "group_name",
											"value": "aws"
										}
									]
								}
							},
							"response": []
						},
						{
							"name": "Create user",
							"request": {
								"method": "POST",
								"header": [
									{
										"key": "x-auth",
										"value": "{{sso_token}}",
										"type": "text"
									}
								],
								"body": {
									"mode": "raw",
									"raw": "{\r\n  \"nt_id\": \"dolork\",\r\n  \"user_name\": \"Kevin\",\r\n  \"user_type\": \"admin\",\r\n  \"group_id\": 5\r\n}",
									"options": {
										"raw": {
											"language": "json"
										}
									}
								},
								"url": {
									"raw": "{{prompt_lib_base_url}}/user/register",
									"host": [
										"{{prompt_lib_base_url}}"
									],
									"path": [
										"user",
										"register"
									]
								}
							},
							"response": []
						},
						{
							"name": "Get all group names",
							"request": {
								"method": "GET",
								"header": [
									{
										"key": "x-auth",
										"value": "{{sso_token}}",
										"type": "text"
									}
								],
								"url": {
									"raw": "{{prompt_lib_base_url}}/group-names",
									"host": [
										"{{prompt_lib_base_url}}"
									],
									"path": [
										"group-names"
									]
								}
							},
							"response": []
						},
						{
							"name": "Create admin config",
							"request": {
								"method": "POST",
								"header": [
									{
										"key": "x-auth",
										"value": "{{sso_token}}",
										"type": "text"
									}
								],
								"body": {
									"mode": "raw",
									"raw": "{\r\n  \"nt_id\": \"ns9000\",\r\n  \"domain_name\": \"domainSTR\",\r\n  \"sub_domain_name\": \"SUBDOMAINstring\",\r\n  \"category_name\": \"CATEGORYstring\"\r\n}",
									"options": {
										"raw": {
											"language": "json"
										}
									}
								},
								"url": {
									"raw": "{{prompt_lib_base_url}}/admin-config",
									"host": [
										"{{prompt_lib_base_url}}"
									],
									"path": [
										"admin-config"
									]
								}
							},
							"response": []
						},
						{
							"name": "Get categories by domains",
							"request": {
								"method": "GET",
								"header": [
									{
										"key": "x-auth",
										"value": "{{sso_token}}",
										"type": "text"
									}
								],
								"url": {
									"raw": "{{prompt_lib_base_url}}/categories/biopharma/pls",
									"host": [
										"{{prompt_lib_base_url}}"
									],
									"path": [
										"categories",
										"biopharma",
										"pls"
									]
								}
							},
							"response": []
						}
					]
				},
				{
					"name": "Health check",
					"request": {
						"method": "GET",
						"header": [],
						"url": {
							"raw": "{{prompt_lib_base_url}}/prompt-lib/health_check",
							"host": [
								"{{prompt_lib_base_url}}"
							],
							"path": [
								"prompt-lib",
								"health_check"
							]
						}
					},
					"response": []
				}
			]
		}
	]
}